id,clasificacion,entidad,sistema_o_proceso,gestion_o_periodo,cuce,monto_bob,forma_de_desarrollo_o_contratacion,relacion_con_tramites,evidencia_verificada,fuente_principal,tipo_de_fuente,nivel_de_confianza,uso_recomendado_en_documento,precaucion_interpretativa
1,"Contratación directa del dominio","Ministerio de Trabajo, Empleo y Previsión Social","Rediseño e Informatización de Procesos y Procedimientos del Ministerio",2013,"13-0070-00-390619-1-1","No identificado","Consultoría contratada","Explícita y central","El objeto comprendió el rediseño de procesos y la creación e implementación de una plataforma base de gestión de procesos para incorporar servicios identificados.","https://de.scribd.com/document/450515528/R-M-223-14","Copia indexada de resolución/contrato con CUCE","Media-alta","Antecedente y situación problemática","Conviene recuperar la resolución o el expediente directamente de SICOES antes de citarlo como fuente definitiva; no afirmar que la plataforma fracasó ni que duplicó necesariamente otro sistema."
2,"Gasto operativo asociado","Servicio de Impuestos Nacionales - Gerencia Distrital Cochabamba","Apoyo a procesos y plataforma multitrámite",2026,"26-0035-01-1630470-1-1","No identificado","Contratación de siete consultores individuales de línea","Explícita, pero orientada a la operación y atención","La contratación destina personal específico al apoyo de procesos y de una plataforma multitrámite institucional.","https://www.licitaciones.com.bo/entidad-sicoes/servicio-de-impuestos-nacionales/30.html","Réplica de datos de SICOES","Media","Situación problemática como evidencia de recursos institucionales destinados al dominio","No es evidencia de contratación para desarrollar software; solo demuestra sostenimiento u operación de una solución multitrámite. Verificar el DBC oficial antes de usar monto o condiciones."
3,"Desarrollo institucional sectorial","Autoridad de Fiscalización y Control de Cooperativas (AFCOOP)","Sistema Integrado de Trámites Cooperativos (SITCOOP)","2023-2026","No identificado","No identificado","Diseño y desarrollo institucional reportado en documentos de gestión","Explícita y central","AFCOOP reportó el proyecto de diseño y desarrollo y posteriormente puso en funcionamiento una plataforma que automatiza inicialmente siete trámites cooperativos.","https://www.afcoop.gob.bo/nota_prensa/plataforma-digital-sitcoop/","Fuente institucional oficial","Alta","Antecedente y situación problemática","La fuente prueba la existencia y alcance funcional del sistema, pero no una licitación externa ni el costo de desarrollo."
4,"Desarrollo institucional sectorial","Aduana Nacional","Ventanilla Única de Comercio Exterior (VUCE)",2024,"No aplica","No identificado","Desarrollo íntegro con equipo de la Aduana Nacional y sin financiamiento externo","Explícita y central","La VUCE centraliza en una plataforma solicitudes de autorizaciones y certificaciones de varias entidades; la Aduana declara que fue desarrollada íntegramente por su equipo técnico.","https://www.aduana.gob.bo/node/1376609","Fuente institucional oficial","Alta","Antecedente y situación problemática","No es una licitación ni prueba repetición de gasto externo; sí prueba que una entidad construyó una solución sectorial propia para un conjunto de trámites."
5,"Plataforma transversal reutilizable","Agencia de Gobierno Electrónico y Tecnologías de Información y Comunicación (AGETIC)","Plataforma de Trámites y Certificaciones (PTC)","2025-2026","No aplica","No identificado","Desarrollo público; disponible como herramienta estatal y software publicado","Explícita y central","La PTC permite diseñar formularios, certificados y flujos, gestionar interoperabilidad y ejecutar u orquestar trámites en modalidad SaaS u on-premise.","https://agetic.gob.bo/tramites-y-servicios/herramientas-y-servicios-digitales/plataforma-de-tr%C3%A1mites-y-certificaciones","Fuente institucional oficial","Alta","Antecedente comparable y análisis de soluciones existentes","No utilizarla como evidencia de fragmentación: es precisamente una iniciativa transversal y reutilizable. Debe compararse con Tunkunia para delimitar aporte, cronología y diferencias."
6,"Sistema institucional sectorial","Dirección General de Migración - Ministerio de Gobierno","Estado Digital 9 / Sistema de Gestión Migratoria para trámites en línea",2024,"No identificado","No identificado","Forma de desarrollo no determinada","Explícita y central","El sistema permite realizar y seguir virtualmente trámites migratorios mediante una plataforma especializada para el dominio migratorio.","https://web.mingobierno.gob.bo/?tramite=ed9-tramites-migratorios","Fuente institucional oficial","Alta para existencia; baja para contratación","Antecedente y situación problemática","El título del proyecto no demuestra cómo fue contratado ni cuánto costó. Presentarlo como solución institucional diferenciada, no como licitación, hasta localizar su expediente."
7,"Sistema institucional con módulo de trámites","Autoridad de Fiscalización de Electricidad y Tecnología Nuclear (antes Autoridad de Electricidad)","Herramienta web de digitalización integrada a AE-WorkFlow",2016,"No identificado","No identificado","Desarrollo e implementación institucional reportado en memoria anual","Explícita dentro de un sistema institucional más amplio","La memoria anual informa el desarrollo e implementación de una herramienta web de digitalización de trámites integrada a AE-WorkFlow para procesos de contratación y documentos asociados.","https://aetn.gob.bo/wp-content/uploads/2026/05/IMG-2017-09-07-MEMORIA_ANUAL_AE_2016_web.pdf","Memoria institucional oficial","Media-alta","Antecedente secundario","El alcance descrito parece concentrarse en contratación y gestión documental; no equipararlo sin más a una plataforma completa de trámites ciudadanos."
8,"Proyecto institucional planificado","Ministerio de Gobierno - Dirección General de Migración","Desarrollo e implementación de un sistema de digitalización de trámites de extranjería y otros documentos",2017,"No identificado","No identificado","Actividad/proyecto consignado en anteproyecto de POA","Explícita y central","El anteproyecto de POA institucional incluye como objetivo el desarrollo e implementación de un sistema para digitalizar trámites de extranjería y otros documentos.","https://dgsc.gob.bo/datos/PLANIFICACION/POA%20MIN%20GOBIERNO%202017/Documento%20Anteproyecto%20POA%202017%20PDF%20FINAL.pdf","Documento oficial de planificación","Media-alta","Situación problemática como evidencia de demanda institucional","Un POA prueba planificación o asignación programática, no necesariamente contratación, ejecución ni conclusión."
9,"Proyecto institucional anunciado","Autoridad Jurisdiccional Administrativa Minera (AJAM)","Sistema integral de catastro y cuadriculado minero con digitalización de trámites en línea",2026,"No identificado","No identificado","Proyecto en coordinación y búsqueda de financiamiento","Incluida como componente del sistema integral","AJAM informó que el proyecto de modernización del catastro contempla digitalización de trámites en línea y mejora de servicios externos.","https://autoridadminera.gob.bo/index.php/nota_prensa/ajam-impulsa-la-modernizacion-de-catastro-y-cuadriculado-minero-y-gestiona-financiamiento/","Fuente institucional oficial","Alta para el anuncio; baja para ejecución","Contexto actual o cartera futura, no antecedente consolidado","No presentarlo como sistema contratado o implementado: al momento de la fuente era un proyecto en gestión de financiamiento."
